{
  "tau": {
    "hg_mean": 2.2625084619990674,
    "bb_mean": 2.4478093333081254,
    "diff_mean": -0.18530087130905748,
    "t": -1.9403838157246183,
    "p": 0.06525642641204309,
    "direction": "BB > HG"
  },
  "sigma": {
    "hg_mean": 0.9734925012832126,
    "bb_mean": 0.9907659374430813,
    "diff_mean": -0.01727343615986923,
    "t": -5.74247215121112,
    "p": 8.915417620745106e-06,
    "direction": "BB > HG"
  },
  "LZc": {
    "hg_mean": 0.2074652660396492,
    "bb_mean": 0.15028273872439032,
    "diff_mean": 0.05718252731525893,
    "t": 5.244140478042143,
    "p": 2.922896873482782e-05,
    "direction": "HG > BB"
  },
  "DFA": {
    "hg_mean": 1.0630776593272742,
    "bb_mean": 1.3198552667112795,
    "diff_mean": -0.25677760738400496,
    "t": -10.0413987095561,
    "p": 1.1196843702146673e-09,
    "direction": "BB > HG"
  },
  "decoding_n=5": {
    "hg_mean_diff": -0.0135152877026819,
    "bb_mean_diff": -0.004234416531117972,
    "hg_reversal_count": 11,
    "bb_reversal_count": 10,
    "n_subjects": 19,
    "hg_ttest_p": 0.12800534600459118,
    "bb_ttest_p": 0.7618963441256068,
    "paired_t": -0.7185685523724377,
    "paired_p": 0.48163115535333845
  },
  "decoding_n=10": {
    "hg_mean_diff": -0.019471948297752322,
    "bb_mean_diff": -0.010767831601830955,
    "hg_reversal_count": 14,
    "bb_reversal_count": 8,
    "n_subjects": 19,
    "hg_ttest_p": 0.1044980818078552,
    "bb_ttest_p": 0.4705868486041238,
    "paired_t": -0.5650415259714402,
    "paired_p": 0.5790205546464829
  },
  "decoding_n=20": {
    "hg_mean_diff": -0.020746364111207925,
    "bb_mean_diff": -0.016508033209578818,
    "hg_reversal_count": 12,
    "bb_reversal_count": 10,
    "n_subjects": 19,
    "hg_ttest_p": 0.2537032450768061,
    "bb_ttest_p": 0.16749615394714132,
    "paired_t": -0.28467703166860026,
    "paired_p": 0.7791408942779646
  }
}