{
  "sweep_results": [
    {
      "subject": "CE110",
      "n_channels_total": 254,
      "sfreq": 2048.0,
      "n_samples": 2394112,
      "sweep": [
        {
          "n_channels": 10,
          "asymmetry_ratio_mean": 0.10358749866875387,
          "asymmetry_ratio_std": 0.05030932293006672,
          "asymmetry_kurtosis": 4.482995546740094,
          "asymmetry_max": 0.46421801681924835,
          "asymmetry_p95": 0.2065260674232881,
          "asymmetry_p99": 0.2844618398347956,
          "asymmetry_dynamic_range": 6.498291070582732,
          "max_rotation_freq_mean": 0.21241979222603927,
          "spectral_radius_mean": 0.9965190494732381,
          "n_windows": 11731,
          "elapsed_s": 2.1498334407806396
        },
        {
          "n_channels": 20,
          "asymmetry_ratio_mean": 0.1919190489949932,
          "asymmetry_ratio_std": 0.05642832951511905,
          "asymmetry_kurtosis": 2.6326974299193378,
          "asymmetry_max": 0.5539028466153907,
          "asymmetry_p95": 0.30639403147648114,
          "asymmetry_p99": 0.37685590784557776,
          "asymmetry_dynamic_range": 3.3026049481402366,
          "max_rotation_freq_mean": 0.4965397508834034,
          "spectral_radius_mean": 0.9968602020754702,
          "n_windows": 11731,
          "elapsed_s": 3.5133018493652344
        },
        {
          "n_channels": 30,
          "asymmetry_ratio_mean": 0.2385058591824637,
          "asymmetry_ratio_std": 0.05605178900577854,
          "asymmetry_kurtosis": 3.1277205421597767,
          "asymmetry_max": 0.5850762835392296,
          "asymmetry_p95": 0.35592384678846334,
          "asymmetry_p99": 0.43638320271651904,
          "asymmetry_dynamic_range": 2.7070312338516604,
          "max_rotation_freq_mean": 0.7151455796807734,
          "spectral_radius_mean": 0.9977538527431888,
          "n_windows": 11731,
          "elapsed_s": 6.678227663040161
        },
        {
          "n_channels": 50,
          "asymmetry_ratio_mean": 0.581746350148336,
          "asymmetry_ratio_std": 0.06515839362380343,
          "asymmetry_kurtosis": 0.13629399544707876,
          "asymmetry_max": 0.8321406134968821,
          "asymmetry_p95": 0.6990562819636126,
          "asymmetry_p99": 0.7537973085052408,
          "asymmetry_dynamic_range": 1.671597641356707,
          "max_rotation_freq_mean": 2.5540554733111147,
          "spectral_radius_mean": 0.9990203816123301,
          "n_windows": 11731,
          "elapsed_s": 18.638460874557495
        },
        {
          "n_channels": 70,
          "asymmetry_ratio_mean": 0.5347203812256212,
          "asymmetry_ratio_std": 0.06808663169050894,
          "asymmetry_kurtosis": -0.5572704512674864,
          "asymmetry_max": 0.7435430610636882,
          "asymmetry_p95": 0.6470132453001334,
          "asymmetry_p99": 0.6810072097148038,
          "asymmetry_dynamic_range": 1.741100972845365,
          "max_rotation_freq_mean": 2.3690958514143725,
          "spectral_radius_mean": 1.0023370174940127,
          "n_windows": 11731,
          "elapsed_s": 49.80932545661926
        },
        {
          "n_channels": 100,
          "asymmetry_ratio_mean": 0.8517056274609306,
          "asymmetry_ratio_std": 0.058519813701197874,
          "asymmetry_kurtosis": -0.61085065316193,
          "asymmetry_max": 0.9610755067655251,
          "asymmetry_p95": 0.9385796370414226,
          "asymmetry_p99": 0.9493089213483579,
          "asymmetry_dynamic_range": 1.3289576271167427,
          "max_rotation_freq_mean": 7.2831514673786915,
          "spectral_radius_mean": 1.0065471065541223,
          "n_windows": 11731,
          "elapsed_s": 226.51279473304749
        },
        {
          "n_channels": 150,
          "asymmetry_ratio_mean": 0.9135582985832923,
          "asymmetry_ratio_std": 0.051663977398237956,
          "asymmetry_kurtosis": -0.23802760990612448,
          "asymmetry_max": 0.9879323743538743,
          "asymmetry_p95": 0.9811499147250862,
          "asymmetry_p99": 0.9842309024138658,
          "asymmetry_dynamic_range": 1.260668560076533,
          "max_rotation_freq_mean": 10.933477031062015,
          "spectral_radius_mean": 1.0095779644750382,
          "n_windows": 11731,
          "elapsed_s": 669.9122817516327
        },
        {
          "n_channels": 200,
          "asymmetry_ratio_mean": 0.9404620004850268,
          "asymmetry_ratio_std": 0.04340000865326667,
          "asymmetry_kurtosis": 0.5047150428450768,
          "asymmetry_max": 0.9916186096186019,
          "asymmetry_p95": 0.9883191675067269,
          "asymmetry_p99": 0.9896518224132271,
          "asymmetry_dynamic_range": 1.2109001610224277,
          "max_rotation_freq_mean": 13.009040159818095,
          "spectral_radius_mean": 1.010448931732853,
          "n_windows": 11731,
          "elapsed_s": 1171.7167279720306
        }
      ],
      "elapsed_s": 2212.852187871933
    },
    {
      "subject": "CF105",
      "n_channels_total": 176,
      "sfreq": 2048.0,
      "n_samples": 1935360,
      "sweep": [
        {
          "n_channels": 10,
          "asymmetry_ratio_mean": 0.028245488386619947,
          "asymmetry_ratio_std": 0.0035654778412896205,
          "asymmetry_kurtosis": 19.741165599616423,
          "asymmetry_max": 0.07832512674692348,
          "asymmetry_p95": 0.03373653207665046,
          "asymmetry_p99": 0.03679120829686822,
          "asymmetry_dynamic_range": 1.724400452421154,
          "max_rotation_freq_mean": 0.0471073304822269,
          "spectral_radius_mean": 0.9973563624081725,
          "n_windows": 9483,
          "elapsed_s": 1.7963743209838867
        },
        {
          "n_channels": 20,
          "asymmetry_ratio_mean": 0.05141104209338184,
          "asymmetry_ratio_std": 0.006055230522289522,
          "asymmetry_kurtosis": 258.0162730967475,
          "asymmetry_max": 0.23776832098756537,
          "asymmetry_p95": 0.05781627898485403,
          "asymmetry_p99": 0.06395903352632713,
          "asymmetry_dynamic_range": 1.467174799425785,
          "max_rotation_freq_mean": 0.09779522610494883,
          "spectral_radius_mean": 0.9979826831835968,
          "n_windows": 9483,
          "elapsed_s": 3.6352932453155518
        },
        {
          "n_channels": 30,
          "asymmetry_ratio_mean": 0.0698065315108984,
          "asymmetry_ratio_std": 0.003134811932372849,
          "asymmetry_kurtosis": 3.4862928531644783,
          "asymmetry_max": 0.09672147085258916,
          "asymmetry_p95": 0.07494746527489403,
          "asymmetry_p99": 0.07845688170941185,
          "asymmetry_dynamic_range": 1.237570799276277,
          "max_rotation_freq_mean": 0.13423505444571418,
          "spectral_radius_mean": 0.9985305103219758,
          "n_windows": 9483,
          "elapsed_s": 5.70714259147644
        },
        {
          "n_channels": 50,
          "asymmetry_ratio_mean": 0.132883162275434,
          "asymmetry_ratio_std": 0.006931751738324734,
          "asymmetry_kurtosis": 74.6780871489658,
          "asymmetry_max": 0.2538312383461219,
          "asymmetry_p95": 0.14157562062033965,
          "asymmetry_p99": 0.14816841616962234,
          "asymmetry_dynamic_range": 1.214384894358864,
          "max_rotation_freq_mean": 0.29157159301090024,
          "spectral_radius_mean": 1.0005077100248594,
          "n_windows": 9483,
          "elapsed_s": 19.349985361099243
        },
        {
          "n_channels": 70,
          "asymmetry_ratio_mean": 0.2101559073562517,
          "asymmetry_ratio_std": 0.008533773964537894,
          "asymmetry_kurtosis": 53.68817445867468,
          "asymmetry_max": 0.3913368347980576,
          "asymmetry_p95": 0.22226963294806804,
          "asymmetry_p99": 0.2330179584400276,
          "asymmetry_dynamic_range": 1.190055992926149,
          "max_rotation_freq_mean": 0.4978376129544858,
          "spectral_radius_mean": 1.0036280367552022,
          "n_windows": 9483,