{
  "n_subjects": 18,
  "phase_band": [
    4,
    30
  ],
  "amp_band": [
    70,
    150
  ],
  "n_surrogates": 50,
  "max_channels": 30,
  "correlations": {
    "mi_vs_sigma": {
      "r": -0.05915336636480054,
      "p": 0.8156428078165101,
      "n": 18
    },
    "mi_vs_tau": {
      "r": 0.5261503294780095,
      "p": 0.024900723087866238,
      "n": 18
    },
    "mi_vs_lzc": {
      "r": 0.10179823791496245,
      "p": 0.6877325020035334,
      "n": 18
    }
  },
  "subjects": [
    {
      "subject": "CE103",
      "n_channels": 30,
      "sfreq": 1024.0,
      "mean_mi": 8.12149533767148e-05,
      "mean_z": 0.9957859379894993,
      "n_significant": 4,
      "frac_significant": 0.13333333333333333,
      "hg_sigma": 0.9470336022218405,
      "hg_tau": 2.106236400707644,
      "hg_lzc": 0.17569137810829655,
      "task_pac_contrast": {
        "rel_mean_mi": 0.0039601425918240115,
        "irr_mean_mi": 0.004896170504556001,
        "n_rel": 100,
        "n_irr": 100,
        "U": 4804.0,
        "p": 0.6328761821955298
      },
      "elapsed_s": 27.447286128997803,
      "top_5_mi_channels": [
        [
          "C70",
          0.00044713796899620756
        ],
        [
          "C62",
          0.0001708025814787855
        ],
        [
          "LMH1",
          0.00011378264978685165
        ],
        [
          "LMH2",
          0.00010757264213713308
        ],
        [
          "C94",
          9.798291663514357e-05
        ]
      ]
    },
    {
      "subject": "CE110",
      "n_channels": 30,
      "sfreq": 2048.0,
      "mean_mi": 7.159420306088502e-05,
      "mean_z": 25.164644008720305,
      "n_significant": 26,
      "frac_significant": 0.8666666666666667,
      "hg_sigma": 0.9977934924367257,
      "hg_tau": 2.240130137740328,
      "hg_lzc": 0.17268701934281055,
      "task_pac_contrast": {
        "rel_mean_mi": 0.0020505188308130033,
        "irr_mean_mi": 0.0020868633731945733,
        "n_rel": 100,
        "n_irr": 100,
        "U": 4827.0,
        "p": 0.6734012666087617
      },
      "elapsed_s": 129.67285060882568,
      "top_5_mi_channels": [
        [
          "O2*6",
          0.00023091227631747696
        ],
        [
          "C189",
          0.00021193932454497048
        ],
        [
          "P1c5",
          0.00020651408471318512
        ],
        [
          "P1bCc8",
          0.00016589804317304407
        ],
        [
          "C198",
          0.00015465695445055142
        ]
      ]
    },
    {
      "subject": "CF102",
      "n_channels": 30,
      "sfreq": 2048.0,
      "mean_mi": 0.00010227362475902494,
      "mean_z": 14.494832034697952,
      "n_significant": 18,
      "frac_significant": 0.6,
      "hg_sigma": 0.9830268895112991,
      "hg_tau": 2.2990164750557867,
      "hg_lzc": 0.17282229965156795,
      "task_pac_contrast": {
        "rel_mean_mi": 0.0023031165729118486,
        "irr_mean_mi": 0.0023375968807552313,
        "n_rel": 100,
        "n_irr": 100,
        "U": 4994.0,
        "p": 0.9892778402527317
      },
      "elapsed_s": 24.07588839530945,
      "top_5_mi_channels": [
        [
          "DLPMT1",
          0.0008804362515285478
        ],
        [
          "LP2",
          0.000553595383222929
        ],
        [
          "G25",
          0.0005308028465141341
        ],
        [
          "G49",
          0.00022493916151914862
        ],
        [
          "DLAMT4",
          0.00013155196028803536
        ]
      ]
    },
    {
      "subject": "CF103",
      "n_channels": 30,
      "sfreq": 2048.0,
      "mean_mi": 0.0002574687972914638,
      "mean_z": 36.16277587169065,
      "n_significant": 27,
      "frac_significant": 0.9,
      "hg_sigma": 0.9910412377493832,
      "hg_tau": 2.5191978143999663,
      "hg_lzc": 0.18618758749416706,
      "task_pac_contrast": {
        "rel_mean_mi": 0.003870000509361178,
        "irr_mean_mi": 0.003474983727487032,
        "n_rel": 100,
        "n_irr": 100,
        "U": 5419.0,
        "p": 0.30651675838963344
      },
      "elapsed_s": 32.79598307609558,
      "top_5_mi_channels": [
        [
          "G24",
          0.0020251516992253796
        ],
        [
          "DPMT7",
          0.0010068250506097432
        ],
        [
          "G36",
          0.0008744085481619395
        ],
        [
          "G78",
          0.0006766678715756728
        ],
        [
          "G124",
          0.00037335514949945054
        ]
      ]
    },
    {
      "subject": "CF104",
      "n_channels": 30,
      "sfreq": 2048.0,
      "mean_mi": 7.337538260777959e-05,
      "mean_z": 15.070518032714046,
      "n_significant": 25,
      "frac_significant": 0.8333333333333334,
      "hg_sigma": 0.9839647569156083,
      "hg_tau": 2.4654929950369926,
      "hg_lzc": 0.16736694677871147,
      "task_pac_contrast": {
        "rel_mean_mi": 0.0022084399291835122,
        "irr_mean_mi": 0.0021996623675220573,
        "n_rel": 100,
        "n_irr": 100,
        "U": 4946.0,
        "p": 0.8959957776466982
      },
      "elapsed_s": 46.69705414772034,
      "top_5_mi_channels": [
        [
          "G57",
          0.0003036461910307888
        ],
        [
          "LO2",
          0.0002407388400258707
        ],
        [
          "G58",
          0.00019034114940757758
        ],
        [
          "DL5",
          0.00015533028527837906
        ],
        [
          "G10",
          0.00012767573733506564
        ]
      ]
    },
    {
      "subject": "CF105",
      "n_channels": 30,
      "sfreq": 2048.0,
      "mean_mi": 0.0001771389300320642,
      "mean_z": 51.84895785442417,
      "n_significant": 27,
      "frac_significant": 0.9,
      "hg_sigma": 0.987827819637341,
      "hg_tau": 2.639678649947646,
      "hg_lzc": 0.18475482221705788,
      "task_pac_contrast": {
        "rel_mean_mi": 0.003596534408054931,
        "irr_mean_mi": 0.0037722506636761444,
        "n_rel": 100,
        "n_irr": 100,
        "U": 4882.0,
        "p": 0.7740371347947012
      },
      "elapsed_s": 82.7448353767395,
      "top_5_mi_channels": [
        [
          "G108",
          0.0011655395624178195
        ],
        [
          "G32",
          0.0007916224244878297
        ],
        [
          "G31",
          0.0006735509426892232
        ],
        [
          "G111",
          0.0005766639499813711
        ],
        [
          "G66",
          0.0003137791194276114
        ]
      ]
    },
    {
      "subject": "CF106",
      "n_channels": 30,
      "sfreq": 2048.0,
      "mean_mi": 0.00011805817864781105,
      "mean_z": 18.667564437496686,
      "n_significant": 17,
      "frac_significant": 0.5666666666666667,
      "hg_sigma": 0.9920669807324919,
      "hg_tau": 2.9331800119190587,
      "hg_lzc": 0.20639332870048646,
      "task_pac_contrast": {
        "rel_mean_mi": 0.0023670071895585316,
        "irr_mean_mi": 0.002314151454732693,
        "n_rel": 100,
        "n_irr": 100,
        "U": 5147.0,
        "p": 0.7203758883709399
      },
      "elapsed_s": 23.182615518569946,
      "top_5_mi_channels": [
        [
          "GA27",
          0.0017689545903969268
        ],
        [
          "FI3",
          0.0004047082170073719
        ],
        [
          "GB9",
          0.00035235457419874284
        ],
        [
          "GA61",
          0.00023325119778011552
        ],
        [
          "DALSF7",
          0.00014685078567420342
        ]
      ]
    },
    {
      "subject": "CF109",
      "n_channels": 30,
      "sfreq": 1024.0,
      "mean_mi": 0.00012950676123950445,
      "mean_z": 26.11045947567517,
      "n_significant": 26,
      "frac_significant": 0.8666666666666667,
      "hg_sigma": 0.9584630471155995,
      "hg_tau": 2.128290283583966,
      "hg_lzc": 0.30896777206912657,
      "task_pac_contrast": {
        "rel_mean_mi": 0.0022667759879115186,
        "irr_mean_mi": 0.002417711327052799,
        "n_rel": 100,
        "n_irr": 100,
        "U": 4733.0,