{
  "test1_subcritical_suppression": {
    "n=5": {
      "n_subjects": 19,
      "sigma_vs_least_acc": {
        "r": -0.05306387223947197,
        "p": 0.8291837086348971,
        "ci_lo": -0.49533455393054826,
        "ci_hi": 0.4110526476341608,
        "n": 19
      },
      "sigma_vs_most_acc": {
        "r": -0.21480120444721548,
        "p": 0.37717925881263753,
        "ci_lo": -0.6095408222904599,
        "ci_hi": 0.26529113214662525,
        "n": 19
      },
      "sigma_vs_diff": {
        "r": -0.043828627821766955,
        "p": 0.8585976772083429,
        "ci_lo": -0.48831681090236356,
        "ci_hi": 0.4187161967324658,
        "n": 19
      },
      "sigma_vs_diff_spearman": {
        "rho": -0.015789473684210527,
        "p": 0.9488461264555137,
        "ci_lo": -0.4666520595726319,
        "ci_hi": 0.4415867517150706,
        "n": 19
      }
    },
    "n=10": {
      "n_subjects": 19,
      "sigma_vs_least_acc": {
        "r": 0.19081732997838166,
        "p": 0.43391038059480086,
        "ci_lo": -0.2883867230391707,
        "ci_hi": 0.5935804069758254,
        "n": 19
      },
      "sigma_vs_most_acc": {
        "r": 0.03969807385370967,
        "p": 0.8718136508447741,
        "ci_lo": -0.4221226039066661,
        "ci_hi": 0.4851593387860589,
        "n": 19
      },
      "sigma_vs_diff": {
        "r": -0.16132891081997122,
        "p": 0.5093697556826343,
        "ci_lo": -0.5735128451579974,
        "ci_hi": 0.31603877733809504,
        "n": 19
      },
      "sigma_vs_diff_spearman": {
        "rho": -0.10701754385964912,
        "p": 0.662788885833302,
        "ci_lo": -0.5352110954612453,
        "ci_hi": 0.36493041220352984,
        "n": 19
      }
    },
    "n=20": {
      "n_subjects": 19,
      "sigma_vs_least_acc": {
        "r": 0.2789139220347618,
        "p": 0.24753782130740476,
        "ci_lo": -0.20072416399023657,
        "ci_hi": 0.6506903149146301,
        "n": 19
      },
      "sigma_vs_most_acc": {
        "r": 0.15444384584981052,
        "p": 0.5278392718231707,
        "ci_lo": -0.32238036825896166,
        "ci_hi": 0.568755061905902,
        "n": 19
      },
      "sigma_vs_diff": {
        "r": -0.1006761829356114,
        "p": 0.6817401173392709,
        "ci_lo": -0.5306211930617835,
        "ci_hi": 0.37047416738332106,
        "n": 19
      },
      "sigma_vs_diff_spearman": {
        "rho": -0.12280701754385966,
        "p": 0.6164660517594382,
        "ci_lo": -0.5465307696254796,
        "ci_hi": 0.35097996194944125,
        "n": 19
      }
    }
  },
  "test2_avalanche_ceiling": {
    "n=5": {
      "n_subjects": 19,
      "log_n_avals_vs_diff": {
        "r": -0.33121796057625774,
        "p": 0.16599055419503178,
        "ci_lo": -0.6827176513381773,
        "ci_hi": 0.1447710049454423,
        "n": 19
      },
      "log_n_avals_vs_least_acc": {
        "r": 0.27319968858673654,
        "p": 0.25776012819655403,
        "ci_lo": -0.20665315367729098,
        "ci_hi": 0.647109289622548,
        "n": 19
      }
    },
    "n=10": {
      "n_subjects": 19,
      "log_n_avals_vs_diff": {
        "r": -0.18541806410012987,
        "p": 0.44726882778179594,
        "ci_lo": -0.5899431596328139,
        "ci_hi": 0.29351024625507033,
        "n": 19
      },
      "log_n_avals_vs_least_acc": {
        "r": 0.08548528665243246,
        "p": 0.7278682005454814,
        "ci_lo": -0.3836192489046552,
        "ci_hi": 0.5195224458782615,
        "n": 19
      }
    },
    "n=20": {
      "n_subjects": 19,
      "log_n_avals_vs_diff": {
        "r": -0.35134305092834833,
        "p": 0.14021196915815892,
        "ci_lo": -0.6946912340765549,
        "ci_hi": 0.12239908201119636,
        "n": 19
      },
      "log_n_avals_vs_least_acc": {
        "r": 0.2915635803905496,
        "p": 0.22583813103690045,
        "ci_lo": -0.18747290947063916,
        "ci_hi": 0.6585592782287096,
        "n": 19
      }
    }
  },
  "test3_tau_decoding_quadrant": {
    "n=5": {
      "n_subjects": 19,
      "tau_vs_most_acc": {
        "r": -0.38693889857388064,
        "p": 0.1017127168571296,
        "ci_lo": -0.7154133932754715,
        "ci_hi": 0.08161418150798717,
        "n": 19
      },
      "tau_vs_least_acc": {
        "r": 0.28579662534857386,
        "p": 0.2355724475668384,
        "ci_lo": -0.19353583438770824,
        "ci_hi": 0.6549817593686746,
        "n": 19
      },
      "tau_vs_diff": {
        "r": -0.45569282705402103,
        "p": 0.04990810020428003,
        "ci_lo": -0.7538668233450927,
        "ci_hi": -0.0018707478931153925,
        "n": 19
      }
    },
    "n=10": {
      "n_subjects": 19,
      "tau_vs_most_acc": {
        "r": 0.0007823547824447865,
        "p": 0.9974637936601685,
        "ci_lo": -0.45358811542634686,
        "ci_hi": 0.4548300160578798,
        "n": 19
      },
      "tau_vs_least_acc": {
        "r": 0.33612486104067324,
        "p": 0.15942724226587912,
        "ci_lo": -0.13936077957320253,
        "ci_hi": 0.6856545576532148,
        "n": 19
      },
      "tau_vs_diff": {
        "r": -0.31455279354456406,
        "p": 0.1896506993880871,
        "ci_lo": -0.6726576046054641,
        "ci_hi": 0.16293555126491555,
        "n": 19
      }
    },
    "n=20": {
      "n_subjects": 19,
      "tau_vs_most_acc": {
        "r": 0.19796298377439417,
        "p": 0.41655841115978337,
        "ci_lo": -0.2815635466269933,
        "ci_hi": 0.5983689530543826,
        "n": 19
      },
      "tau_vs_least_acc": {
        "r": 0.07319708701499708,
        "p": 0.7658576413756762,
        "ci_lo": -0.39411526961278825,
        "ci_hi": 0.5104360111433611,
        "n": 19
      },
      "tau_vs_diff": {
        "r": 0.07824641094124477,
        "p": 0.7501800830704018,
        "ci_lo": -0.3898170702135891,
        "ci_hi": 0.5141815580334268,
        "n": 19
      }
    }
  },
  "test4_complexity_decoding": {
    "LZc_n=10": {
      "n_subjects": 19,
      "metric_vs_diff": {
        "r": 0.154040324772499,
        "p": 0.5289312652380793,
        "ci_lo": -0.32275071432356744,
        "ci_hi": 0.5684753541592246,
        "n": 19
      },
      "metric_vs_least_acc": {
        "r": -0.11309685595867859,
        "p": 0.6448029392448899,
        "ci_lo": -0.5395877145065183,
        "ci_hi": 0.35958413901590675,
        "n": 19
      }
    },
    "DFA_n=10": {
      "n_subjects": 19,
      "metric_vs_diff": {
        "r": -0.20614612546006644,
        "p": 0.3971529730656636,
        "ci_lo": -0.603817843175268,
        "ci_hi": 0.27368967929306803,
        "n": 19
      },
      "metric_vs_least_acc": {
        "r": 0.15147754359029678,
        "p": 0.5358908444927815,
        "ci_lo": -0.32509939629058654,
        "ci_hi": 0.566696677855411,
        "n": 19
      }
    },
    "MSE_CI_n=10": {
      "n_subjects": 19,
      "metric_vs_diff": {
        "r": -0.27822578797050346,
        "p": 0.24875497430529608,
        "ci_lo": -0.6502599455419114,
        "ci_hi": 0.20144002574452644,
        "n": 19
      },
      "metric_vs_least_acc": {
        "r": 0.31869984736423895,
        "p": 0.18356333416660564,
        "ci_lo": -0.15844543452503376,
        "ci_hi": 0.6751734371968251,
        "n": 19
      }
    }
  },
  "test5_task_contrast_vs_criticality": {
    "n_subjects": 19,
    "sigma_vs_lzc_g": {
      "r": 0.11411370061172668,
      "p": 0.6418125742855303,
      "ci_lo": -0.3586868649315449,
      "ci_hi": 0.5403175182022745,
      "n": 19
    },
    "sigma_vs_hg_g": {
      "r": -0.046175793765746626,
      "p": 0.8511035569353724,
      "ci_lo": -0.49010585753964603,
      "ci_hi": 0.4167747062376516,
      "n": 19
    },
    "lzc_g_vs_hg_g": {
      "r": -0.04195524774383379,
      "p": 0.8645874259840315,
      "ci_lo": -0.4868862051218839,
      "ci_hi": 0.42026276045782485,
      "n": 19
    }
  },
  "summary_table": [
    {
      "test": "sigma vs diff n=10",
      "effect": -0.16132891081997122,
      "p": 0.5093697556826343,