{
  "sigma_band": {
    "formula": "sigma ~ band",
    "n_obs": 46,
    "n_groups": 3,
    "fixed_effects": {
      "Intercept": {
        "coef": 0.9907659374430811,
        "se": 0.002942776656445283,
        "p": 0.0,
        "ci_lo": 0.9849982011819031,
        "ci_hi": 0.996533673704259
      },
      "band[T.HG]": {
        "coef": -0.017273436159869232,
        "se": 0.0030080125551186876,
        "p": 9.330279251369924e-09,
        "ci_lo": -0.023169032432946164,
        "ci_hi": -0.0113778398867923
      }
    },
    "random_effects_var": 9.512488772839952e-05,
    "aic": NaN,
    "bic": NaN,
    "converged": true
  },
  "lzc_band": {
    "formula": "lzc ~ band",
    "n_obs": 46,
    "n_groups": 3,
    "fixed_effects": {
      "Intercept": {
        "coef": 0.15028273872439035,
        "se": 0.011403605622573216,
        "p": 1.1664417064594872e-39,
        "ci_lo": 0.1279320824102484,
        "ci_hi": 0.1726333950385323
      },
      "band[T.HG]": {
        "coef": 0.05718252731525892,
        "se": 0.010904133651155471,
        "p": 1.570345121903957e-07,
        "ci_lo": 0.03581081807638295,
        "ci_hi": 0.07855423655413489
      }
    },
    "random_effects_var": 0.0016236195846432155,
    "aic": NaN,
    "bic": NaN,
    "converged": true
  },
  "dfa_band": {
    "formula": "dfa ~ band",
    "n_obs": 46,
    "n_groups": 3,
    "fixed_effects": {
      "Intercept": {
        "coef": 1.3198552667112793,
        "se": 0.02943542950271729,
        "p": 0.0,
        "ci_lo": 1.2621628850164857,
        "ci_hi": 1.377547648406073
      },
      "band[T.HG]": {
        "coef": -0.2567776073840051,
        "se": 0.02557192868575103,
        "p": 1.0025541341136263e-23,
        "ci_lo": -0.3068976666233038,
        "ci_hi": -0.20665754814470644
      }
    },
    "random_effects_var": 0.012408103058062045,
    "aic": NaN,
    "bic": NaN,
    "converged": true
  },
  "tau_band": {
    "formula": "tau ~ band",
    "n_obs": 46,
    "n_groups": 3,
    "fixed_effects": {
      "Intercept": {
        "coef": 2.4478093333081246,
        "se": 0.0765764130406928,
        "p": 3.2822622002292474e-224,
        "ci_lo": 2.2977223216831035,
        "ci_hi": 2.5978963449331456
      },
      "band[T.HG]": {
        "coef": -0.18530087130905712,
        "se": 0.09549684562167392,
        "p": 0.05233263266166021,
        "ci_lo": -0.37247124936471954,
        "ci_hi": 0.0018695067466052984
      }
    },
    "random_effects_var": 0.029994835263679166,
    "aic": NaN,
    "bic": NaN,
    "converged": true
  },
  "lzc_contrast_band": {
    "formula": "lzc_contrast_g ~ band",
    "n_obs": 42,
    "fixed_effects": {
      "Intercept": {
        "coef": 0.03332206177242124,
        "se": 0.027727932176276945,
        "p": 0.22946013325880055,
        "ci_lo": -0.021023686658850897,
        "ci_hi": 0.08766781020369338
      },
      "band[T.HG]": {
        "coef": -0.07666336147630831,
        "se": 0.04131228542072711,
        "p": 0.06349580119099976,
        "ci_lo": -0.1576339530199726,
        "ci_hi": 0.004307230067355977
      }
    },
    "random_effects_var": 2.4685227849064747e-10,
    "converged": true
  },
  "decoding_predictors": {
    "formula": "dec_diff_10 ~ band + sigma + tau",
    "n_obs": 42,
    "fixed_effects": {
      "Intercept": {
        "coef": 0.2083693468409865,
        "se": 0.6933479005829928,
        "p": 0.7637756640868613,
        "ci_lo": -1.1505675670581375,
        "ci_hi": 1.5673062607401103
      },
      "band[T.HG]": {
        "coef": -0.015352114183016987,
        "se": 0.019029492915479534,
        "p": 0.4198083879048269,
        "ci_lo": -0.05264923494141699,
        "ci_hi": 0.02194500657538301
      },
      "sigma": {
        "coef": -0.20090994253199335,
        "se": 0.7108045039813475,
        "p": 0.7774440160946794,
        "ci_lo": -1.594061170384292,
        "ci_hi": 1.1922412853203053
      },
      "tau": {
        "coef": -0.006963415825692309,
        "se": 0.025714590545422546,
        "p": 0.7865477102532366,
        "ci_lo": -0.057363087171914684,
        "ci_hi": 0.04343625552053007
      }
    },
    "random_effects_var": 0.0008387050374840388,
    "converged": true
  },
  "cross_band_prediction": {
    "formula": "bb_sigma ~ hg_sigma + hg_tau",
    "n_obs": 23,
    "fixed_effects": {
      "Intercept": {
        "coef": 0.7816593035616919,
        "se": 0.049624517893392533,
        "p": 6.709890256549974e-56,
        "ci_lo": 0.684397035740479,
        "ci_hi": 0.8789215713829047
      },
      "hg_sigma": {
        "coef": 0.21194195230311683,
        "se": 0.05246824106503241,
        "p": 5.358053606917095e-05,
        "ci_lo": 0.10910608948348782,
        "ci_hi": 0.31477781512274583
      },
      "hg_tau": {
        "coef": 0.001071922879085957,
        "se": 0.0022010162622919994,
        "p": 0.6262493288865818,
        "ci_lo": -0.0032419897243933264,
        "ci_hi": 0.005385835482565241
      }
    },
    "converged": true
  }
}