{
  "deep_dive_spatial": {
    "CF124": {
      "n_channels": 148,
      "n_posterior": 142,
      "n_anterior": 0,
      "hg_sigma": 0.9845743536026914,
      "bb_sigma": 0.9929708579316066,
      "hg_lzc_g": -0.14487631152691086,
      "bb_lzc_g": 0.4222017602478258,
      "lzc_sign_flip": "True",
      "posterior_tau_mean": 2.7475514084507044,
      "posterior_tau_std": 0.2204333934519008
    },
    "CF126": {
      "n_channels": 124,
      "n_posterior": 50,
      "n_anterior": 65,
      "hg_sigma": 0.9777643825675764,
      "bb_sigma": 0.9940002752622779,
      "hg_lzc_g": -0.15355723466749205,
      "bb_lzc_g": 0.18946082248480828,
      "lzc_sign_flip": "True",
      "posterior_tau_mean": 2.7089219999999994,
      "posterior_tau_std": 0.3220310198039934,
      "anterior_tau_mean": 2.780583076923077,
      "anterior_tau_std": 0.2807517389872745,
      "post_vs_ant_tau_t": -1.2612915645823,
      "post_vs_ant_tau_p": 0.20980148047638236
    },
    "CG103": {
      "n_channels": 76,
      "n_posterior": 32,
      "n_anterior": 44,
      "hg_sigma": 0.9328356706115655,
      "bb_sigma": 0.9834459971864024,
      "hg_lzc_g": -0.24705943278691023,
      "bb_lzc_g": 0.06961320705410914,
      "lzc_sign_flip": "True",
      "posterior_tau_mean": 2.543075,
      "posterior_tau_std": 0.3438801499069116,
      "anterior_tau_mean": 2.66415,
      "anterior_tau_std": 0.36829854151464975,
      "post_vs_ant_tau_t": -1.4355164936951779,
      "post_vs_ant_tau_p": 0.15535353794698806
    },
    "CF104": {
      "n_channels": 116,
      "n_posterior": 87,
      "n_anterior": 28,
      "hg_sigma": 0.9839647569156083,
      "bb_sigma": 0.9956075313192888,
      "hg_lzc_g": 0.023696212654914832,
      "bb_lzc_g": 0.19102895656922533,
      "lzc_sign_flip": "False",
      "posterior_tau_mean": 2.731304597701149,
      "posterior_tau_std": 0.30953611005363657,
      "anterior_tau_mean": 2.827460714285714,
      "anterior_tau_std": 0.16231586345167015,
      "post_vs_ant_tau_t": -1.561783775215734,
      "post_vs_ant_tau_p": 0.12113526529070227
    },
    "CE110": {
      "n_channels": 254,
      "n_posterior": 128,
      "n_anterior": 58,
      "hg_sigma": 0.9977934924367257,
      "bb_sigma": 0.9981238850371658,
      "hg_lzc_g": -0.11412229389971643,
      "bb_lzc_g": 0.05700235355431179,
      "lzc_sign_flip": "True",
      "posterior_tau_mean": 2.74807578125,
      "posterior_tau_std": 0.21566349828280434,
      "anterior_tau_mean": 2.764975862068966,
      "anterior_tau_std": 0.328102325980649,
      "post_vs_ant_tau_t": -0.41469727036301535,
      "post_vs_ant_tau_p": 0.678846618383907
    }
  },
  "group_coverage": {
    "coverage_table": [
      {
        "subject": "CE103",
        "n_posterior": 36,
        "n_anterior": 22,
        "frac_posterior": 0.6206896551724138,
        "hg_lzc_g": -0.0132333596693025,
        "bb_lzc_g": -0.13987182676790139,
        "delta_lzc_g": -0.12663846709859888,
        "hg_sigma": 0.9470336022218405,
        "bb_sigma": 0.9918655779588224,
        "delta_sigma": 0.04483197573698183
      },
      {
        "subject": "CE109",
        "n_posterior": 82,
        "n_anterior": 22,
        "frac_posterior": 0.7884615384615384,
        "hg_lzc_g": null,
        "bb_lzc_g": -0.15822792028454583,
        "delta_lzc_g": null,
        "hg_sigma": 0.9495668297378719,
        "bb_sigma": 0.9839232816040326,
        "delta_sigma": 0.034356451866160764
      },
      {
        "subject": "CE110",
        "n_posterior": 128,
        "n_anterior": 58,
        "frac_posterior": 0.6808510638297872,
        "hg_lzc_g": -0.11412229389971643,
        "bb_lzc_g": 0.05700235355431179,
        "delta_lzc_g": 0.17112464745402822,
        "hg_sigma": 0.9977934924367257,
        "bb_sigma": 0.9981238850371658,
        "delta_sigma": 0.0003303926004400992
      },
      {
        "subject": "CE121",
        "n_posterior": 66,
        "n_anterior": 125,
        "frac_posterior": 0.34375,
        "hg_lzc_g": null,
        "bb_lzc_g": -0.006541463100602196,
        "delta_lzc_g": null,
        "hg_sigma": 0.9924607179964978,
        "bb_sigma": 0.9950432097121974,
        "delta_sigma": 0.0025824917156995753
      },
      {
        "subject": "CF102",
        "n_posterior": 82,
        "n_anterior": 51,
        "frac_posterior": 0.6029411764705882,
        "hg_lzc_g": -0.11213157858103034,
        "bb_lzc_g": -0.0416049676971559,
        "delta_lzc_g": 0.07052661088387444,
        "hg_sigma": 0.9830268895112991,
        "bb_sigma": 0.9882550617600979,
        "delta_sigma": 0.00522817224879879
      },
      {
        "subject": "CF103",
        "n_posterior": 101,
        "n_anterior": 88,
        "frac_posterior": 0.520618556701031,
        "hg_lzc_g": -0.13953815575291764,
        "bb_lzc_g": -0.08388986369666422,
        "delta_lzc_g": 0.05564829205625342,
        "hg_sigma": 0.9910412377493832,
        "bb_sigma": 0.9966076352056844,
        "delta_sigma": 0.005566397456301164
      },
      {
        "subject": "CF104",
        "n_posterior": 87,
        "n_anterior": 29,
        "frac_posterior": 0.7372881355932204,
        "hg_lzc_g": 0.023696212654914832,
        "bb_lzc_g": 0.19102895656922533,
        "delta_lzc_g": 0.1673327439143105,
        "hg_sigma": 0.9839647569156083,
        "bb_sigma": 0.9956075313192888,
        "delta_sigma": 0.011642774403680556
      },
      {
        "subject": "CF105",
        "n_posterior": 70,
        "n_anterior": 104,
        "frac_posterior": 0.39325842696629215,
        "hg_lzc_g": -0.03549241884035964,
        "bb_lzc_g": -0.001722714682863407,
        "delta_lzc_g": 0.033769704157496236,
        "hg_sigma": 0.987827819637341,
        "bb_sigma": 0.9946074817362824,
        "delta_sigma": 0.00677966209894143
      },
      {
        "subject": "CF106",
        "n_posterior": 64,
        "n_anterior": 82,
        "frac_posterior": 0.43243243243243246,
        "hg_lzc_g": -0.0074063030944136925,
        "bb_lzc_g": 0.10763229397230858,
        "delta_lzc_g": 0.11503859706672227,
        "hg_sigma": 0.9920669807324919,
        "bb_sigma": 0.9976254158549291,
        "delta_sigma": 0.005558435122437255
      },
      {
        "subject": "CF109",
        "n_posterior": 89,
        "n_anterior": 15,
        "frac_posterior": 0.8090909090909091,
        "hg_lzc_g": -0.07402417617178808,
        "bb_lzc_g": -0.1159533847695921,
        "delta_lzc_g": -0.041929208597804024,
        "hg_sigma": 0.9584630471155995,
        "bb_sigma": 0.9889198446446025,
        "delta_sigma": 0.030456797529002988
      },
      {
        "subject": "CF110",
        "n_posterior": 138,
        "n_anterior": 36,
        "frac_posterior": 0.7840909090909091,
        "hg_lzc_g": 0.0002651911450281126,
        "bb_lzc_g": 0.035007557444979014,
        "delta_lzc_g": 0.0347423662999509,
        "hg_sigma": 0.9930891407683254,
        "bb_sigma": 0.998323359446236,
        "delta_sigma": 0.005234218677910518
      },
      {
        "subject": "CF113",
        "n_posterior": 67,
        "n_anterior": 65,
        "frac_posterior": 0.5037593984962406,
        "hg_lzc_g": 0.01152502523925539,
        "bb_lzc_g": 0.10534780399637467,
        "delta_lzc_g": 0.09382277875711928,
        "hg_sigma": 0.9873533286150964,
        "bb_sigma": 0.990218713253711,
        "delta_sigma": 0.002865384638614632
      },
      {
        "subject": "CF116",
        "n_posterior": 58,
        "n_anterior": 108,
        "frac_posterior": 0.34523809523809523,
        "hg_lzc_g": null,
        "bb_lzc_g": -0.05802970064662169,
        "delta_lzc_g": null,
        "hg_sigma": 0.9856154353883947,
        "bb_sigma": 0.9963348592792082,
        "delta_sigma": 0.010719423890813484
      },
      {
        "subject": "CF119",
        "n_posterior": 55,
        "n_anterior": 49,
        "frac_posterior": 0.5288461538461539,
        "hg_lzc_g": 0.056814669285290484,
        "bb_lzc_g": -0.15763583434765488,
        "delta_lzc_g": -0.21445050363294538,